{
  "$schema": "https://go.kicad.org/pcm/schemas/v1",
  "name": "Nuova Elettronica Symbols Library",
  "description": "Symbols collection similar to the one used by Nuova Elettronica",
  "description_full": "Nuova Elettronica was a glorious italian magazine that promote electornics not only in italy but in all EU Countries. Indeed it was translated in several languages and distribute along the whole EU Territories.",
  "identifier": "com.github.tormyvancool.NuovaElettronica",
  "type": "colortheme",
  "author": {
    "name": "Tormy Van Cool",
    "contact": {
      "web": "https://github.com/tormyvancool"
    }
  },
  "license": "CC0-1.0",
  "resources": {
    "homepage": "https://github.com/tormyvancool"
  },
  "versions": [
    {
      "version": "1.0",
      "status": "stable",
      "kicad_version": "8.0.1",
      "download_sha256": "50d84ae65f4238a53249c2a479c77a1dfbc33a0dd478062404c721624f930397",
      "download_size": 2433541,
      "download_url": "https://github.com/tormyvancool/NuovaElettronica/raw/223fea905108ff28893e9b71e9626574ce639954/NE-Nuova-Elettronica-library.zip",
      "install_size": 10004646
    }
  ]
}
