{
  "$schema": "https://go.kicad.org/pcm/schemas/v1",
  "name": "Nuova Elettronica - Theme",
  "description": "Theme with the colors of the italian former-magazine Nuova Elettronica",
  "description_full": "Theme with the colors of the italian former-magazine Nuova Elettronica",
  "identifier": "com.github.tormyvancool.NuovaElettronica.Theme",
  "type": "colortheme",
  "author": {
    "name": "Tormy Van Cool",
    "contact": {
      "web": "https://github.com/tormyvancool/"
    }
  },
  "maintainer": {
    "name": "Tormy Van Cool",
    "contact": {
      "web": "https://github.com/tormyvancool/"
    }
  },
  "license": "CC0-1.0",
  "resources": {
    "Github": "https://github.com/tormyvancool/NuovaElettronica/Theme"
  },
  "versions": [
    {
      "version": "1.0",
      "status": "stable",
      "kicad_version": "8.0"
    }
  ]
}
