{
  "$schema": "https://go.kicad.org/pcm/schemas/v1",
  "name": "Nuova Elettronica Symbols Library",
  "description": "Symbols collection similar to the one used by Nuova Elettronica",
  "description_full": "Nuova Elettronica was a glorious italian magazine that have promoted electronics not only in italy but in all EU Countries. Indeed it was translated in several languages and distribute along the whole EU Territories.",
  "identifier": "com.github.tormyvancool.NuovaElettronica",
  "type": "library",
  "author": {
    "name": "Tormy Van Cool",
    "contact": {
      "web": "https://github.com/tormyvancool"
    }
  },
  "license": "CC0-1.0",
  "resources": {
    "homepage": "https://github.com/tormyvancool/NuovaElettronica"
  },
  "versions": [
    {
      "version": "2.1",
      "status": "stable",
      "kicad_version": "9.0"
    }
  ]
}
